{"cameraMode":{"drawMode":0,"name":"Shaded","section":"Shading Mode"},"sceneLighting":true,"audioPlay":false,"sceneViewState":{"showFog":false,"showMaterialUpdate":false,"showSkybox":false,"showFlares":false,"showImageEffects":false,"showParticleSystems":false},"in2DMode":false,"pivot":{"x":271.71783447265627,"y":264.8646240234375,"z":-8.605682373046875},"rotation":{"x":0.17784611880779267,"y":-0.011813376098871231,"z":0.0021352742332965137,"w":0.9839903116226196},"size":432.71893310546877,"orthographic":false}