{"cameraMode":{"drawMode":0,"name":"Shaded","section":"Shading Mode"},"sceneLighting":true,"audioPlay":false,"sceneViewState":{"showFog":false,"showMaterialUpdate":false,"showSkybox":false,"showFlares":false,"showImageEffects":false,"showParticleSystems":false},"in2DMode":false,"pivot":{"x":373.6636962890625,"y":162.64990234375,"z":0.0},"rotation":{"x":0.00480921333655715,"y":-0.006004968658089638,"z":0.000029176890166127123,"w":0.9999744892120361},"size":259.80499267578127,"orthographic":false}